Picture name,Age,Gender,Emotion,Real Age,Real Gender,Real Emotion

0.jpg,26,Man,neutral,0,Man,neutral

103.jpg,30,Woman,surprise,0,Man,surprise

110.jpg,26,Man,neutral,0,Man,neutral

119.jpg,26,Man,surprise,0,Man,surprise

126.jpg,28,Woman,sad,0,Man,neutral

130.jpg,29,Woman,neutral,0,Man,neutral

133.jpg,28,Woman,neutral,0,Man,neutral

135.jpg,28,Man,neutral,0,Man,neutral

139.jpg,21,Woman,neutral,0,Man,surprise

146.jpg,24,Man,sad,0,Man,happy

152.jpg,29,Woman,surprise,0,Man,surprise

157.jpg,34,Woman,fear,0,Man,neutral

177.jpg,26,Woman,neutral,0,Man,neutral

181.jpg,20,Woman,neutral,0,Man,neutral

183.jpg,20,Woman,neutral,0,Man,neutral

189.jpg,27,Woman,sad,0,Man,sad

193.jpg,25,Woman,neutral,0,Man,neutral

196.jpg,31,Woman,angry,0,Man,sad

20.jpg,26,Woman,neutral,0,Man,neutral

200.jpg,26,Man,neutral,0,Man,neutral

203.jpg,26,Man,neutral,0,Man,neutral

206.jpg,30,Woman,happy,0,Man,surprise

212.jpg,26,Woman,fear,0,Man,fear

219.jpg,22,Woman,neutral,0,Man,sad

223.jpg,23,Woman,neutral,0,Man,neutral

226.jpg,20,Man,fear,0,Man,fear

230.jpg,31,Woman,neutral,0,Man,surprise

236.jpg,29,Woman,happy,0,Man,happy

237.jpg,19,Woman,neutral,0,Man,fear

243.jpg,36,Man,sad,0,Man,sad

247.jpg,32,Woman,neutral,0,Man,neutral

251.jpg,23,Woman,sad,0,Man,sad

262.jpg,25,Woman,neutral,0,Man,neutral

29.jpg,21,Woman,sad,0,Man,neutral

46.jpg,24,Man,fear,0,Man,neutral

470.jpg,25,Woman,neutral,0,Man,neutral

482.jpg,25,Man,neutral,0,Man,neutral

487.jpg,28,Man,sad,0,Man,sad

49.jpg,24,Woman,neutral,0,Man,neutral

57.jpg,29,Man,sad,0,Man,sad

570.jpg,30,Woman,fear,0,Man,neutral

676.jpg,27,Man,surprise,0,Man,neutral

94.jpg,26,Man,neutral,0,Man,neutral

1.jpg,27,Man,happy,2,Man,neutral

104.jpg,26,Man,neutral,2,Man,neutral

107.jpg,30,Man,happy,2,Man,happy

111.jpg,25,Man,neutral,2,Man,neutral

121.jpg,26,Man,happy,2,Man,happy

123.jpg,32,Man,fear,2,Man,neutral

129.jpg,26,Man,fear,2,Man,fear

138.jpg,30,Man,angry,2,Man,neutral

14.jpg,44,Man,happy,3,Man,happy

147.jpg,24,Man,happy,2,Man,happy

153.jpg,28,Man,neutral,2,Man,happy

155.jpg,43,Man,fear,2,Man,fear

158.jpg,36,Man,sad,2,Man,neutral

168.jpg,28,Man,angry,2,Man,happy

170.jpg,28,Man,happy,2,Man,happy

176.jpg,30,Man,angry,2,Man,happy

179.jpg,35,Man,angry,2,Man,angry

18.jpg,34,Man,happy,2,Man,happy

182.jpg,25,Man,angry,2,Man,angry

185.jpg,29,Man,happy,2,Man,happy

187.jpg,25,Man,angry,2,Man,happy

190.jpg,24,Man,happy,2,Man,happy

204.jpg,31,Man,happy,2,Man,happy

210.jpg,23,Man,neutral,2,Man,neutral

220.jpg,29,Man,fear,2,Man,fear

221.jpg,24,Man,sad,2,Man,neutral

234.jpg,32,Man,sad,2,Man,sad

246.jpg,29,Man,neutral,2,Man,neutral

252.jpg,34,Man,sad,2,Man,sad

255.jpg,37,Man,angry,2,Man,neutral

259.jpg,34,Man,sad,2,Man,sad

26.jpg,33,Man,happy,2,Man,happy

268.jpg,32,Man,neutral,2,Man,neutral

274.jpg,31,Man,neutral,2,Man,neutral

280.jpg,35,Man,happy,2,Man,happy

284.jpg,29,Man,neutral,2,Man,neutral

302.jpg,26,Man,happy,2,Man,happy

306.jpg,23,Man,sad,2,Man,sad

310.jpg,30,Man,happy,2,Man,happy

314.jpg,30,Man,angry,2,Man,neutral

319.jpg,30,Man,neutral,2,Man,neutral

327.jpg,28,Man,neutral,2,Man,neutral

341.jpg,31,Man,neutral,2,Man,neutral

348.jpg,30,Man,angry,2,Man,angry

355.jpg,25,Man,neutral,2,Man,neutral

361.jpg,35,Man,angry,2,Man,angry

366.jpg,30,Man,neutral,2,Man,happy

37.jpg,30,Man,happy,2,Man,happy

372.jpg,32,Man,angry,2,Man,neutral

377.jpg,35,Man,neutral,2,Man,neutral

381.jpg,26,Man,neutral,2,Man,neutral

386.jpg,36,Man,angry,2,Man,angry

400.jpg,29,Man,angry,2,Man,angry

410.jpg,28,Man,happy,2,Man,angry

418.jpg,28,Man,neutral,2,Man,neutral

422.jpg,25,Man,fear,2,Man,neutral

429.jpg,24,Man,sad,2,Man,sad

433.jpg,26,Man,sad,2,Man,sad

436.jpg,31,Man,sad,2,Man,neutral

443.jpg,32,Man,neutral,2,Man,neutral

45.jpg,37,Man,happy,2,Man,happy

471.jpg,28,Man,happy,2,Man,happy

480.jpg,30,Man,happy,2,Man,happy

483.jpg,29,Man,happy,2,Man,happy

490.jpg,28,Man,neutral,2,Man,neutral

494.jpg,32,Man,angry,2,Man,happy

496.jpg,30,Man,neutral,2,Man,neutral

498.jpg,29,Man,neutral,2,Man,neutral

50.jpg,23,Man,neutral,2,Man,neutral

502.jpg,33,Man,angry,2,Man,happy

504.jpg,33,Man,neutral,2,Man,neutral

508.jpg,33,Man,neutral,2,Man,neutral

516.jpg,30,Man,neutral,2,Man,neutral

517.jpg,32,Man,angry,2,Man,happy

518.jpg,33,Man,happy,2,Man,happy

521.jpg,30,Man,happy,2,Man,happy

526.jpg,26,Man,fear,2,Man,fear

529.jpg,32,Man,angry,2,Man,angry

53.jpg,32,Man,fear,2,Man,fear

531.jpg,34,Man,neutral,2,Man,neutral

532.jpg,24,Man,neutral,2,Man,happy

537.jpg,26,Man,happy,2,Man,happy

543.jpg,26,Man,happy,2,Man,happy

544.jpg,31,Man,happy,2,Man,happy

547.jpg,26,Man,happy,2,Man,happy

556.jpg,27,Man,happy,2,Man,happy

557.jpg,25,Man,happy,2,Man,happy

559.jpg,27,Man,happy,2,Man,happy

56.jpg,39,Man,neutral,2,Man,neutral

561.jpg,24,Man,angry,2,Man,happy

568.jpg,27,Man,fear,2,Man,fear

580.jpg,28,Man,happy,2,Man,happy

583.jpg,39,Man,angry,2,Man,neutral

589.jpg,28,Man,angry,2,Man,angry

594.jpg,28,Man,neutral,2,Man,neutral

602.jpg,26,Man,happy,2,Man,happy

605.jpg,25,Man,neutral,2,Man,happy

62.jpg,27,Man,happy,2,Man,happy

625.jpg,26,Man,happy,2,Man,happy

628.jpg,34,Man,neutral,2,Man,neutral

631.jpg,32,Man,happy,2,Man,happy

632.jpg,39,Man,angry,2,Man,neutral

64.jpg,29,Man,angry,2,Man,angry

643.jpg,27,Man,neutral,2,Man,happy

653.jpg,31,Man,happy,2,Man,happy

655.jpg,30,Man,happy,2,Man,happy

658.jpg,26,Man,neutral,2,Man,neutral

66.jpg,27,Man,happy,2,Man,happy

668.jpg,25,Man,neutral,2,Man,neutral

674.jpg,22,Man,sad,2,Man,neutral

68.jpg,33,Man,happy,2,Man,happy

74.jpg,28,Man,happy,2,Man,happy

76.jpg,39,Man,neutral,2,Man,neutral

81.jpg,36,Man,neutral,2,Man,neutral

87.jpg,26,Man,fear,2,Man,fear

88.jpg,25,Man,neutral,2,Man,neutral

9.jpg,31,Man,happy,2,Man,happy

90.jpg,27,Man,sad,2,Man,surprise

99.jpg,29,Man,neutral,2,Man,neutral

10.jpg,32,Man,happy,2,Man,happy

385.jpg,33,Man,fear,2,Man,fear

558.jpg,30,Man,happy,2,Man,happy

89.jpg,34,Man,happy,2,Man,happy

100.jpg,32,Man,happy,2,Man,neutral

108.jpg,27,Man,happy,1,Woman,neutral

114.jpg,26,Man,neutral,2,Man,neutral

124.jpg,29,Man,happy,2,Woman,happy

127.jpg,34,Woman,happy,2,Woman,happy



141.jpg,33,Man,fear,2,Woman,neutral

143.jpg,27,Man,angry,0,Man,fear







174.jpg,30,Man,happy,2,Man,happy

178.jpg,26,Man,happy,3,Man,happy



191.jpg,34,Man,neutral,2,Man,neutral

192.jpg,26,Man,angry,2,Woman,happy





201.jpg,32,Man,fear,2,Woman,neutral

208.jpg,30,Man,happy,2,Man,neutral

21.jpg,34,Man,sad,2,Woman,sad

211.jpg,28,Man,neutral,2,Man,neutral

213.jpg,28,Man,happy,4,Man,neutral



22.jpg,30,Man,fear,2,Man,fear





227.jpg,24,Man,neutral,4,Man,neutral



242.jpg,31,Man,fear,4,Man,neutral





264.jpg,31,Woman,sad,2,Woman,happy

269.jpg,33,Man,neutral,2,Woman,angry

290.jpg,32,Man,neutral,1,Man,neutral









304.jpg,32,Man,fear,3,Man,fear

311.jpg,33,Man,neutral,3,Woman,neutral

313.jpg,30,Man,angry,3,Man,happy

320.jpg,33,Woman,neutral,2,Woman,angry
328.jpg,31,Man,happy,3,Man,sad
332.jpg,41,Man,neutral,3,Man,neutral
338.jpg,38,Man,sad,2,Woman,neutral
345.jpg,36,Man,angry,3,Man,neutral
354.jpg,25,Man,sad,2,Man,sad
356.jpg,30,Man,fear,2,Man,neutral
358.jpg,29,Woman,neutral,2,Woman,angry
395.jpg,32,Woman,neutral,2,Woman,surprise
409.jpg,32,Woman,sad,2,Woman,sad
41.jpg,34,Man,neutral,2,Man,neutral
419.jpg,35,Woman,neutral,2,Woman,angry
452.jpg,34,Man,neutral,2,Man,happy
572.jpg,32,Man,sad,3,Man,happy
574.jpg,26,Man,neutral,3,Man,neutral
6.jpg,25,Man,happy,3,Man,happy
603.jpg,33,Woman,neutral,1,Woman,happy
604.jpg,47,Man,neutral,4,Man,neutral
620.jpg,29,Man,neutral,1,Man,neutral
624.jpg,34,Man,angry,2,Man,happy
639.jpg,37,Man,angry,2,Woman,happy
648.jpg,24,Man,neutral,2,Man,neutral
649.jpg,22,Woman,angry,1,Woman,angry
650.jpg,27,Man,happy,1,Man,neutral
657.jpg,41,Man,happy,3,Woman,happy
669.jpg,35,Man,happy,0,Man,happy
672.jpg,35,Man,happy,2,Man,happy
70.jpg,46,Man,fear,4,Man,fear
83.jpg,26,Man,sad,2,Woman,happy
101.jpg,35,Woman,neutral,2,Woman,neutral
113.jpg,31,Woman,happy,2,Woman,happy
120.jpg,37,Woman,happy,2,Woman,neutral
132.jpg,32,Woman,happy,2,Woman,happy
148.jpg,29,Man,happy,2,Woman,happy
151.jpg,31,Woman,happy,2,Woman,happy
160.jpg,34,Woman,neutral,2,Woman,neutral
202.jpg,32,Woman,neutral,2,Woman,neutral
209.jpg,30,Woman,neutral,2,Woman,neutral
218.jpg,32,Woman,fear,2,Woman,happy
225.jpg,33,Woman,neutral,2,Woman,neutral
244.jpg,29,Woman,fear,2,Woman,angry
25.jpg,34,Woman,happy,2,Woman,happy
267.jpg,31,Woman,neutral,2,Woman,happy
273.jpg,31,Woman,happy,2,Woman,happy
293.jpg,35,Man,fear,2,Woman,fear
312.jpg,30,Woman,happy,2,Woman,happy
316.jpg,33,Woman,sad,2,Woman,neutral
322.jpg,34,Woman,sad,2,Woman,sad

333.jpg,32,Woman,sad,2,Woman,neutral

339.jpg,31,Woman,neutral,2,Woman,neutral

352.jpg,33,Woman,neutral,2,Woman,neutral

357.jpg,31,Woman,neutral,2,Woman,neutral

363.jpg,30,Man,sad,2,Woman,neutral

383.jpg,30,Woman,happy,2,Woman,happy

388.jpg,37,Man,happy,2,Woman,happy

39.jpg,28,Woman,happy,2,Woman,happy

393.jpg,33,Woman,sad,2,Woman,neutral

397.jpg,34,Woman,fear,2,Woman,happy

401.jpg,30,Woman,neutral,2,Woman,neutral

423.jpg,32,Woman,happy,2,Woman,happy

432.jpg,35,Man,sad,2,Woman,sad

44.jpg,35,Woman,happy,2,Woman,happy

447.jpg,37,Man,sad,2,Woman,happy

450.jpg,28,Man,sad,2,Woman,neutral



469.jpg,26,Woman,happy,2,Woman,happy

47.jpg,29,Woman,happy,2,Woman,happy

493.jpg,33,Woman,happy,2,Woman,happy

497.jpg,36,Woman,happy,2,Woman,happy

499.jpg,35,Woman,happy,2,Woman,happy

501.jpg,34,Woman,happy,2,Woman,happy

505.jpg,40,Woman,sad,2,Woman,neutral

509.jpg,35,Man,happy,2,Woman,happy

520.jpg,31,Woman,happy,2,Woman,happy

522.jpg,34,Woman,happy,2,Woman,happy

534.jpg,35,Man,happy,2,Woman,happy

538.jpg,35,Woman,happy,2,Woman,happy

548.jpg,40,Woman,happy,2,Woman,happy

551.jpg,39,Woman,happy,2,Woman,happy

553.jpg,30,Woman,happy,2,Woman,happy

554.jpg,29,Woman,happy,2,Woman,happy

567.jpg,31,Woman,sad,2,Woman,sad

58.jpg,36,Man,sad,2,Woman,happy

581.jpg,31,Woman,neutral,2,Woman,happy

587.jpg,34,Woman,happy,2,Woman,happy

588.jpg,30,Woman,happy,2,Woman,happy

598.jpg,33,Woman,happy,2,Woman,happy

626.jpg,31,Woman,happy,2,Woman,happy

629.jpg,32,Woman,happy,2,Woman,happy

63.jpg,33,Woman,happy,2,Woman,happy

65.jpg,33,Woman,happy,2,Woman,happy

656.jpg,32,Woman,happy,2,Woman,happy

663.jpg,30,Woman,happy,2,Woman,happy

67.jpg,32,Woman,happy,2,Woman,happy

75.jpg,30,Woman,happy,2,Woman,happy

78.jpg,38,Woman,neutral,2,Woman,neutral

85.jpg,29,Woman,neutral,2,Woman,neutral

92.jpg,27,Woman,neutral,2,Woman,neutral

102.jpg,31,Man,happy,2,Man,happy

106.jpg,32,Man,sad,2,Man,sad

112.jpg,32,Man,sad,2,Man,sad

115.jpg,35,Man,fear,2,Man,neutral

118.jpg,33,Man,happy,2,Man,happy

122.jpg,34,Man,happy,2,Man,happy

145.jpg,34,Man,neutral,2,Man,neutral

15.jpg,31,Man,happy,2,Man,happy

150.jpg,34,Man,sad,2,Man,sad

156.jpg,30,Man,sad,2,Man,neutral

159.jpg,33,Man,happy,2,Man,happy

163.jpg,24,Man,sad,2,Man,happy

167.jpg,26,Man,happy,2,Man,happy

169.jpg,26,Man,sad,2,Man,sad

172.jpg,30,Man,sad,2,Man,sad

175.jpg,33,Man,happy,2,Man,happy

195.jpg,34,Man,neutral,2,Man,neutral

207.jpg,32,Man,neutral,2,Man,neutral

217.jpg,30,Man,sad,2,Man,neutral

228.jpg,31,Man,sad,2,Man,sad

233.jpg,33,Man,sad,2,Man,sad

238.jpg,26,Man,happy,2,Man,happy

241.jpg,22,Man,neutral,2,Man,neutral

245.jpg,35,Man,fear,2,Man,neutral

254.jpg,44,Man,fear,2,Man,neutral

258.jpg,36,Man,neutral,2,Man,neutral

266.jpg,40,Man,sad,3,Man,neutral

272.jpg,37,Man,sad,2,Man,angry

276.jpg,34,Man,fear,2,Man,fear

279.jpg,32,Man,angry,2,Man,angry

28.jpg,29,Man,sad,2,Man,neutral

288.jpg,35,Man,fear,2,Man,fear

301.jpg,31,Man,neutral,2,Man,happy

305.jpg,30,Man,neutral,2,Man,neutral

309.jpg,27,Man,neutral,2,Man,neutral

33.jpg,30,Man,fear,2,Man,neutral



336.jpg,30,Man,neutral,2,Man,neutral

349.jpg,36,Man,neutral,2,Man,neutral

35.jpg,38,Man,happy,3,Man,happy

365.jpg,36,Man,sad,3,Man,sad

390.jpg,36,Man,sad,3,Man,neutral

420.jpg,31,Man,neutral,2,Man,neutral

426.jpg,32,Man,happy,2,Man,happy

442.jpg,23,Man,sad,2,Man,sad

449.jpg,24,Man,neutral,2,Man,angry

457.jpg,32,Man,happy,2,Man,happy

461.jpg,35,Man,neutral,2,Man,happy

464.jpg,28,Man,happy,2,Man,happy

48.jpg,39,Man,neutral,2,Man,neutral

540.jpg,39,Man,happy,3,Man,happy

542.jpg,37,Man,happy,3,Man,happy

562.jpg,26,Man,happy,2,Man,happy

577.jpg,27,Man,happy,2,Man,happy

599.jpg,35,Man,happy,2,Man,happy

61.jpg,32,Man,happy,2,Man,happy

633.jpg,31,Man,sad,1,Man,surprise

635.jpg,31,Man,happy,2,Man,happy

670.jpg,33,Man,neutral,2,Man,happy

673.jpg,28,Man,happy,2,Man,happy

675.jpg,32,Man,angry,2,Man,neutral

69.jpg,30,Man,neutral,2,Man,neutral

73.jpg,27,Man,happy,2,Man,neutral

79.jpg,33,Man,sad,2,Man,sad

82.jpg,32,Man,happy,2,Man,neutral

98.jpg,33,Man,neutral,2,Man,neutral



109.jpg,35,Woman,fear,0,Man,fear

117.jpg,48,Man,fear,4,Man,fear

125.jpg,47,Man,fear,4,Man,fear

131.jpg,46,Man,angry,4,Man,fear

136.jpg,41,Man,sad,2,Man,neutral

140.jpg,49,Man,sad,4,Woman,sad



164.jpg,26,Man,fear,2,Man,fear









23.jpg,47,Woman,sad,4,Woman,sad



24.jpg,27,Woman,angry,0,Man,angry

240.jpg,46,Man,angry,4,Man,angry





256.jpg,52,Man,sad,4,Man,neutral



261.jpg,53,Man,sad,4,Man,neutral







282.jpg,52,Man,angry,4,Man,happy



291.jpg,34,Man,angry,2,Man,angry



318.jpg,41,Man,sad,3,Man,sad









342.jpg,40,Man,fear,4,Man,fear











402.jpg,30,Man,sad,4,Man,sad



























524.jpg,36,Man,fear,3,Man,happy



536.jpg,31,Man,angry,2,Man,happy





560.jpg,35,Man,fear,2,Man,happy



571.jpg,39,Man,angry,3,Man,angry

575.jpg,34,Woman,surprise,2,Woman,happy

578.jpg,33,Man,sad,2,Man,happy

615.jpg,38,Man,sad,3,Man,happy



637.jpg,36,Man,happy,3,Man,neutral







11.jpg,31,Woman,happy,2,Woman,happy

173.jpg,30,Woman,happy,2,Woman,happy

205.jpg,25,Woman,happy,2,Woman,happy

369.jpg,32,Woman,happy,2,Woman,happy

373.jpg,33,Woman,sad,2,Woman,sad

412.jpg,29,Woman,happy,2,Woman,neutral

43.jpg,38,Man,sad,2,Woman,happy

484.jpg,33,Woman,happy,2,Woman,happy

519.jpg,33,Woman,neutral,2,Woman,neutral

545.jpg,34,Woman,happy,2,Woman,happy

546.jpg,39,Woman,happy,2,Woman,happy

549.jpg,33,Woman,happy,2,Woman,happy

564.jpg,34,Woman,happy,2,Woman,happy

569.jpg,32,Woman,happy,2,Woman,happy

609.jpg,33,Woman,happy,2,Woman,happy

617.jpg,33,Woman,happy,2,Woman,happy

671.jpg,29,Woman,happy,2,Woman,happy

8.jpg,35,Woman,happy,2,Man,happy

13.jpg,31,Man,happy,2,Man,happy

17.jpg,33,Man,neutral,2,Man,neutral



229.jpg,35,Man,sad,2,Man,sad

27.jpg,38,Man,neutral,3,Man,neutral

286.jpg,35,Man,angry,2,Man,angry

299.jpg,30,Man,sad,2,Woman,happy

337.jpg,31,Man,surprise,2,Man,surprise







396.jpg,31,Man,neutral,2,Man,happy





523.jpg,35,Man,neutral,2,Man,happy

573.jpg,39,Man,happy,3,Woman,happy

593.jpg,32,Man,angry,1,Man,angry

610.jpg,37,Man,angry,3,Man,neutral

622.jpg,29,Man,neutral,2,Man,neutral

636.jpg,31,Man,fear,2,Man,happy

647.jpg,31,Man,angry,2,Man,happy

77.jpg,34,Man,sad,1,Man,neutral

12.jpg,46,Man,fear,4,Man,fear

368.jpg,41,Man,sad,4,Man,sad

476.jpg,41,Man,angry,2,Man,happy

489.jpg,49,Man,sad,4,Man,sad

638.jpg,46,Man,neutral,4,Man,angry

128.jpg,30,Woman,neutral,2,Man,neutral





























142.jpg,54,Man,sad,4,Man,sad

161.jpg,45,Man,sad,4,Man,neutral

231.jpg,45,Man,neutral,4,Man,neutral

235.jpg,46,Man,angry,4,Man,neutral

270.jpg,45,Man,sad,4,Man,angry

296.jpg,44,Man,fear,4,Man,neutral

317.jpg,40,Man,sad,4,Man,sad

321.jpg,50,Man,neutral,4,Man,neutral

330.jpg,47,Man,neutral,4,Man,neutral

387.jpg,47,Man,happy,4,Man,neutral

411.jpg,50,Man,fear,4,Man,fear

474.jpg,48,Man,angry,4,Man,neutral

481.jpg,49,Woman,happy,4,Woman,happy

623.jpg,36,Man,neutral,4,Man,neutral

662.jpg,50,Man,sad,4,Man,sad

677.jpg,48,Man,angry,4,Man,neutral

84.jpg,47,Man,sad,4,Man,neutral

144.jpg,28,Woman,sad,1,Woman,sad

149.jpg,28,Woman,sad,1,Woman,neutral

608.jpg,27,Woman,surprise,1,Woman,surprise

621.jpg,28,Woman,neutral,1,Woman,neutral

665.jpg,25,Woman,neutral,1,Woman,angry

165.jpg,30,Man,happy,0,Man,happy

19.jpg,43,Man,happy,4,Woman,neutral

2.jpg,45,Woman,happy,4,Woman,happy

271.jpg,34,Woman,happy,4,Woman,happy

3.jpg,36,Woman,happy,4,Woman,happy

303.jpg,39,Woman,happy,4,Woman,happy

485.jpg,35,Woman,happy,4,Woman,happy

666.jpg,38,Woman,neutral,4,Woman,neutral

250.jpg,28,Woman,happy,2,Woman,happy

308.jpg,37,Woman,neutral,2,Woman,neutral

31.jpg,31,Woman,happy,2,Woman,happy

417.jpg,26,Woman,happy,2,Woman,happy

427.jpg,33,Woman,neutral,2,Woman,angry

527.jpg,32,Woman,neutral,2,Woman,neutral

535.jpg,31,Woman,happy,2,Woman,happy

275.jpg,32,Woman,sad,2,Woman,sad

30.jpg,31,Woman,neutral,2,Woman,neutral

315.jpg,33,Woman,neutral,2,Woman,neutral

340.jpg,37,Woman,neutral,2,Woman,neutral

351.jpg,30,Woman,neutral,2,Woman,neutral

367.jpg,31,Woman,happy,2,Woman,happy

374.jpg,38,Woman,neutral,2,Woman,angry

378.jpg,38,Woman,sad,2,Woman,sad

391.jpg,31,Woman,sad,2,Woman,sad

441.jpg,33,Woman,neutral,2,Woman,neutral

448.jpg,32,Woman,fear,2,Woman,fear

463.jpg,33,Woman,sad,2,Woman,neutral

51.jpg,29,Woman,fear,2,Woman,sad

555.jpg,31,Woman,happy,2,Woman,happy

579.jpg,35,Woman,neutral,2,Woman,neutral

600.jpg,28,Woman,sad,4,Woman,neutral

651.jpg,34,Man,angry,4,Woman,angry

281.jpg,34,Man,angry,2,Woman,happy

283.jpg,34,Woman,happy,2,Woman,happy

300.jpg,33,Man,happy,2,Woman,happy

307.jpg,28,Man,happy,2,Woman,neutral

379.jpg,33,Woman,sad,2,Woman,happy

287.jpg,34,Woman,surprise,2,Woman,surprise

289.jpg,35,Woman,surprise,2,Woman,angry

329.jpg,35,Woman,neutral,2,Woman,neutral

38.jpg,28,Woman,happy,2,Woman,happy

382.jpg,33,Woman,happy,2,Woman,happy

421.jpg,33,Woman,fear,2,Woman,fear

456.jpg,32,Woman,happy,2,Woman,happy

460.jpg,34,Woman,happy,2,Woman,happy

468.jpg,31,Woman,happy,2,Woman,happy

541.jpg,27,Woman,happy,2,Woman,happy

552.jpg,33,Woman,neutral,2,Woman,neutral

563.jpg,33,Woman,neutral,2,Woman,angry

566.jpg,36,Woman,neutral,2,Woman,neutral

585.jpg,31,Woman,happy,2,Woman,happy

590.jpg,31,Woman,neutral,2,Woman,neutral

601.jpg,39,Woman,happy,2,Woman,happy

611.jpg,33,Woman,happy,2,Woman,happy

618.jpg,31,Woman,happy,2,Woman,happy

32.jpg,34,Woman,neutral,3,Woman,neutral

576.jpg,37,Woman,fear,3,Woman,neutral

335.jpg,37,Man,neutral,3,Man,neutral

392.jpg,33,Man,angry,2,Man,neutral

513.jpg,34,Man,sad,2,Man,sad

597.jpg,30,Man,sad,2,Man,neutral

34.jpg,30,Woman,happy,2,Woman,happy

586.jpg,28,Woman,happy,2,Woman,happy

7.jpg,27,Woman,happy,2,Woman,happy

36.jpg,28,Man,happy,2,Man,happy

584.jpg,29,Man,happy,2,Man,happy

384.jpg,32,Man,happy,2,Man,happy







486.jpg,26,Man,happy,3,Man,happy

539.jpg,29,Man,happy,2,Man,happy

59.jpg,36,Man,neutral,3,Man,happy

60.jpg,30,Man,neutral,3,Man,neutral

664.jpg,31,Man,happy,3,Man,happy

488.jpg,27,Woman,happy,2,Woman,happy

5.jpg,32,Man,happy,4,Woman,happy

514.jpg,29,Woman,fear,2,Woman,happy

515.jpg,34,Man,happy,2,Man,happy

607.jpg,27,Man,happy,2,Man,happy

591.jpg,46,Woman,happy,4,Woman,angry

619.jpg,35,Woman,happy,4,Woman,neutral

654.jpg,47,Woman,fear,4,Woman,fear

596.jpg,29,Man,neutral,1,Woman,neutral

613.jpg,24,Man,surprise,1,Man,surprise

95.jpg,29,Man,sad,1,Woman,sad

606.jpg,27,Man,fear,2,Man,happy

612.jpg,30,Woman,happy,1,Woman,happy

614.jpg,29,Man,happy,2,Woman,happy

659.jpg,27,Woman,happy,2,Woman,happy

660.jpg,38,Woman,happy,3,Woman,happy

661.jpg,33,Man,happy,3,Man,happy
